{"cameraMode":{"drawMode":2,"name":"Shaded Wireframe","section":"Shading Mode"},"sceneLighting":true,"audioPlay":false,"sceneViewState":{"showFog":true,"showMaterialUpdate":false,"showSkybox":true,"showFlares":true,"showImageEffects":true,"showParticleSystems":true},"in2DMode":false,"pivot":{"x":-30.998271942138673,"y":11.062202453613282,"z":7.812438011169434},"rotation":{"x":0.2951052784919739,"y":-0.6923053860664368,"z":0.37903186678886416,"w":0.5387227535247803},"size":9.275001525878907,"orthographic":false}